star,date,video_count,views
Aali Kali,2023-10-20,50,117
Aaliyah Hadid,2023-10-20,226,260
Aaliyah Jolie,2023-10-20,56,2343371
Aaliyah Love,2023-10-20,737,206
Aaralyn Barra,2023-10-20,101,4792746
Aaron Aurora,2023-10-20,92,15431853
Aaron French,2023-10-20,55,11870261
Aaron Wilcox,2023-10-20,191,27257792
Abbey Brooks,2023-10-20,121,50195532
Abbey Rain,2023-10-20,45,36278450
Abbie Cat,2023-10-20,172,243
Abbie Maley,2023-10-20,246,263
Abby Adams,2023-10-20,137,519
Abby Cross,2023-10-20,140,45223311
Abby Lee Brazil,2023-10-20,99,31851026
Abby Rode,2023-10-20,43,2809435
Abella Anderson,2023-10-20,70,55843108
Abella Danger,2023-10-20,1085,19
Abigail Dupree,2023-10-20,45,66
Abigail Mac,2023-10-20,1056,372
Abigaile Johnson,2023-10-20,89,96648545
ace,2023-10-20,60,7743453
Ada Sanchez,2023-10-20,52,66452516
Adam Awbride,2023-10-20,252,221
Adam Black,2023-10-20,59,9351192
Adam Ramzi,2023-10-20,44,6626913
Adam Russo,2023-10-20,220,143
Adam Sharps,2023-10-20,31,28942148
Adam Watson,2023-10-20,46,79472
Addie Andrews,2023-10-20,71,72
Addie Juniper,2023-10-20,78,89
Addison Lee,2023-10-20,67,556
addison o'riley,2023-10-20,45,6531241
addison rose,2023-10-20,50,2105463
Addison Ryder,2023-10-20,68,22276321
Adel Bye,2023-10-20,65,153
Adel Morel,2023-10-20,55,14943096
Adele Sunshine,2023-10-20,44,10822428
adina jewel,2023-10-20,46,1137363
Adira Allure,2023-10-20,337,108
Adreena Winters,2023-10-20,162,327
Adria Rae,2023-10-20,491,357
Adrian Dimas,2023-10-20,33,7078418
Adriana Chechik,2023-10-20,1042,13
Adriana Malao,2023-10-20,54,15180656
Adriana Maya,2023-10-20,224,106
Adriana Rodrigues,2023-10-20,54,4360361
Adriana Sephora,2023-10-20,41,34521513
Adrianna Luna,2023-10-20,99,14912964
Adrianna Nicole,2023-10-20,239,15196036
Adriela Vendromine,2023-10-20,40,1456818
Afina Kisser,2023-10-20,32,3884483
Aften Opal,2023-10-20,249,110
Agatha Vega,2023-10-20,104,52
Aida Sweet,2023-10-20,51,12534176
Aiden Ashley,2023-10-20,352,951
aiden aspen,2023-10-20,46,8788196
Aiden Jason,2023-10-20,36,67661
Aiden Starr,2023-10-20,221,379
Aiden Valentine,2023-10-20,49,33
Aidra Fox,2023-10-20,603,456
Aimee Addison,2023-10-20,43,1349353
Aimee Black,2023-10-20,74,4942187
Aimee Tyler,2023-10-20,43,10612860
AJ Applegate,2023-10-20,442,240
AJ Estrada,2023-10-20,43,918861
Akari Asagiri,2023-10-20,52,17381769
AKGINGERSNAPS,2023-10-20,121,205
Akira Shell,2023-10-20,34,34
Alaina Dawson,2023-10-20,83,53522233
Alaina Fox,2023-10-20,30,9647887
Alaina Kristar,2023-10-20,51,10302107
Alan Marcelo,2023-10-20,40,3801577
alan stafford,2023-10-20,94,39261914
Alana Cruise,2023-10-20,207,97851796
alana evans,2023-10-20,199,207
Alana Leigh,2023-10-20,35,988152
Alana Luv,2023-10-20,33,15
Alana Rains,2023-10-20,52,6608414
Alana Summers,2023-10-20,31,17759587
Alanah Rae,2023-10-20,140,51048627
Alaska Moon,2023-10-20,92,284
Alaura Eden,2023-10-20,77,23958032
Alberto Blanco,2023-10-20,614,466
Alberto Rey,2023-10-20,33,4334772
Alby Rydes,2023-10-20,35,64
Aleah Jasmine,2023-10-20,67,9
alec knight,2023-10-20,237,45739762
Alecia Fox,2023-10-20,171,69943517
Aleksa Nicole,2023-10-20,127,32645206
Alektra Blue,2023-10-20,105,59811753
Alena Croft,2023-10-20,90,736
Alesia Pleasure,2023-10-20,35,2790541
Aleska Diamond,2023-10-20,174,24951400
Alessa Savage,2023-10-20,141,127
Alessandra Jane,2023-10-20,112,41433356
Alessandra Marques,2023-10-20,44,4323176
Alessandra Ribeiro,2023-10-20,32,1727593
Alessio Romero,2023-10-20,89,9909816
Aletta Ocean,2023-10-20,325,112284103
Alex Adams,2023-10-20,398,27
alex andrews,2023-10-20,32,789855
Alex Black,2023-10-20,141,34338414
Alex Blake,2023-10-20,204,295
Alex Chance,2023-10-20,250,507
Alex Coal,2023-10-20,441,221
Alex D,2023-10-20,210,724
Alex De La FLor,2023-10-20,85,221
alex devine,2023-10-20,92,3403844
Alex Forte,2023-10-20,37,23039937
alex foxe,2023-10-20,33,801523
Alex Gonz,2023-10-20,206,47442872
Alex Grey,2023-10-20,180,224
Alex Harper,2023-10-20,96,46704137
Alex Jackson,2023-10-20,31,42
Alex Jones,2023-10-20,284,119429731
Alex Junior,2023-10-20,52,2821504
Alex Legend,2023-10-20,1160,278
Alex Little,2023-10-20,33,13085967
Alex Mack,2023-10-20,504,192
Alex Mae,2023-10-20,32,95
Alex Mecum,2023-10-20,100,276
Alex More,2023-10-20,119,56396847
Alex Sanders,2023-10-20,178,18168966
Alex Tanner,2023-10-20,87,79388672
Alex Victor,2023-10-20,52,20331974
Alexa Aimes,2023-10-20,36,15293754
Alexa Grace,2023-10-20,316,285024296
alexa lynn,2023-10-20,43,1803919
Alexa Nasha,2023-10-20,42,2449714
Alexa Nova,2023-10-20,238,565
Alexa Rae,2023-10-20,32,13877121
Alexa Rydell,2023-10-20,42,17223443
Alexa Scout,2023-10-20,83,15642376
Alexa Tomas,2023-10-20,379,140
Alexander Garrett,2023-10-20,33,18781190
Alexander Greene,2023-10-20,33,4350664
Alexandra Quinn,2023-10-20,30,1189048
Alexandra Silk,2023-10-20,64,9508694
Alexandre Senna,2023-10-20,57,2700252
Alexia Gold,2023-10-20,33,21374071
alexia rae,2023-10-20,52,5942457
Alexis Adams,2023-10-20,278,163
Alexis Amore,2023-10-20,134,15692445
Alexis Andrews,2023-10-20,43,376
Alexis Blaze,2023-10-20,52,54
Alexis Breeze,2023-10-20,85,6423466
Alexis Brill,2023-10-20,148,52799542
Alexis Crystal,2023-10-20,1106,438
Alexis Fawx,2023-10-20,735,820
Alexis Ford,2023-10-20,96,35903260
Alexis Golden,2023-10-20,126,116
Alexis Grace,2023-10-20,128,13566244
Alexis Love,2023-10-20,146,14581952
alexis malone,2023-10-20,139,27850452
Alexis May,2023-10-20,109,8692501
Alexis Monroe,2023-10-20,144,672
Alexis Rain,2023-10-20,218,332
Alexis Rodriguez,2023-10-20,54,58154818
Alexis Silver,2023-10-20,179,11435766
Alexis Tae,2023-10-20,482,201
Alexis Texas,2023-10-20,509,275
Alexis Zara,2023-10-20,87,557
Alexsis Faye,2023-10-20,48,2287653
Alexsis Sweet,2023-10-20,39,667912
Alexxa Vice,2023-10-20,206,423
Alexxxis Allure,2023-10-20,92,52
Alhena Adams,2023-10-20,50,522
Ali Kat,2023-10-20,31,1634230
Alia Janine,2023-10-20,64,178
Alia Starr,2023-10-20,41,25804259
aliana love,2023-10-20,69,10289887
Alice Blitz,2023-10-20,80,781
Alice Bong,2023-10-20,34,38170467
Alice Coxxx,2023-10-20,31,5513025
Alice Frost,2023-10-20,148,6
Alice Green,2023-10-20,78,62981035
Alice Lighthouse,2023-10-20,61,5916866
Alice March,2023-10-20,169,155744584
Alice Merchesi,2023-10-20,62,513
Alice Nice,2023-10-20,42,22643179
Alice Pink,2023-10-20,78,23615908
Alice Romain,2023-10-20,57,12317677
Alicia Alighatti,2023-10-20,82,1681369
Alicia Angel,2023-10-20,131,9136614
Alicia Rhodes,2023-10-20,284,16203312
Alicia Williams,2023-10-20,107,83614849
Alina Belle,2023-10-20,118,678
Alina Li,2023-10-20,110,97778256
Alina Lopez,2023-10-20,360,438
Alina Wang,2023-10-20,33,12
Alina West,2023-10-20,158,143621223
Aline,2023-10-20,140,41914890
Alisha Adams,2023-10-20,143,54
Alison Faye,2023-10-20,30,9582405
Alison Rey,2023-10-20,263,356
Alison Star,2023-10-20,48,44490638
Alison Tyler,2023-10-20,762,195771326
Alissa Avni,2023-10-20,30,23
Alissa Noir,2023-10-20,54,279
Alix Lovell,2023-10-20,220,84
Alix Lynx,2023-10-20,1104,313
Aliya Brynn,2023-10-20,238,263
Aliysa Moore,2023-10-20,35,5453744
Aliz,2023-10-20,137,18146613
Allen Silver,2023-10-20,38,3115235
Allesandra Snow,2023-10-20,32,164
Allessandra Leite,2023-10-20,49,830177
Alli Rae,2023-10-20,139,133902423
Allie Haze,2023-10-20,305,120176189
Allie James,2023-10-20,100,31192260
Allie Jordan,2023-10-20,44,13720184
Allie Nicole,2023-10-20,97,120
allie ray,2023-10-20,62,993655
Allison Moore,2023-10-20,202,8961672
Allison Pierce,2023-10-20,102,11175634
Allison Wyte,2023-10-20,46,1897187
Allura Skye,2023-10-20,38,7
Ally Ann,2023-10-20,78,11550594
Ally Breelsen,2023-10-20,81,14
Ally Kay,2023-10-20,62,9683507
Ally Style,2023-10-20,74,14416951
Allysin Chaynes,2023-10-20,79,12128603
Allysin Payne,2023-10-20,77,5
Allyssa Hall,2023-10-20,42,951501
Alora Jaymes,2023-10-20,34,24
Alura Jenson,2023-10-20,550,153
Alyce Anderson,2023-10-20,37,851
Alycia Starr,2023-10-20,43,16
Alysa Gap,2023-10-20,191,644
Alysha Rylee,2023-10-20,35,2212062
Alyssa Allure,2023-10-20,42,4021713
Alyssa Branch,2023-10-20,97,21224331
Alyssa Cole,2023-10-20,100,33967149
alyssa dior,2023-10-20,41,2436279
Alyssa Divine,2023-10-20,81,41475757
Alyssa Hart,2023-10-20,124,292
Alyssa Lynn,2023-10-20,97,25502577
Alyssa Reece,2023-10-20,484,99248889
alyssa west,2023-10-20,36,1578200
Alyssia Kent,2023-10-20,240,60601561
Amai Liu,2023-10-20,109,17675141
Amanda Black,2023-10-20,59,4756283
amanda blow,2023-10-20,62,4156419
Amanda Bryant,2023-10-20,35,5565851
Amanda Panda XXX,2023-10-20,56,69
Amanda Tate,2023-10-20,72,7504156
Amandha Fox,2023-10-20,52,41
Amara Romani,2023-10-20,133,171
Amara Waters,2023-10-20,109,395
Amaranta Hank,2023-10-20,71,35
Amari Anne,2023-10-20,100,402
Amaris,2023-10-20,90,14985525
Amarna Miller,2023-10-20,240,993
Amber Bach,2023-10-20,39,11675468
Amber Chase,2023-10-20,102,117
Amber Cox,2023-10-20,35,8109390
Amber Deen,2023-10-20,80,9648146
Amber Hahn,2023-10-20,231,755
Amber Haze,2023-10-20,87,114
Amber Ivy,2023-10-20,86,12136197
Amber Jayne,2023-10-20,153,52158912
Amber Lily,2023-10-20,46,759
Amber Michaels,2023-10-20,56,3355997
Amber Nevada,2023-10-20,42,8035340
Amber Peach,2023-10-20,79,25639902
Amber Rain,2023-10-20,50,1361466
Amber Rayne,2023-10-20,337,44998887
Amber Stars,2023-10-20,34,9476716
Amber Wild,2023-10-20,53,10772173
AmberCutie,2023-10-20,97,126
Amel Annoga,2023-10-20,31,1783617
Amelia Storm,2023-10-20,53,175
Amia Miley,2023-10-20,249,939
Amica Bentley,2023-10-20,47,142
Amile Waters,2023-10-20,52,15613082
Amilia Onyx,2023-10-20,95,535
Amilian Kush,2023-10-20,40,3120257
Amirah Adara,2023-10-20,771,206
Amy Anderssen,2023-10-20,188,78911531
Amy Brooke,2023-10-20,182,50302946
Amy Faye,2023-10-20,35,2689466
Amy Goodhead,2023-10-20,32,19151006
Amy Lee,2023-10-20,68,10445679
Amy Pink,2023-10-20,66,4817599
Amy Reid,2023-10-20,136,15888894
Amy Starz,2023-10-20,34,2573850
Ana Bell Evans,2023-10-20,75,27347832
Ana Foxxx,2023-10-20,584,265
Ana Rose,2023-10-20,66,555
Anabelle Pync,2023-10-20,82,33510344
Ananta Shakti,2023-10-20,99,19755799
Anastasia Brokelyn,2023-10-20,271,84656005
Anastasia Christ,2023-10-20,34,2627197
Anastasia Devine,2023-10-20,52,17867544
Anastasia Knight,2023-10-20,137,288
Anastasia Lux,2023-10-20,45,32552723
Anastasia Pierce,2023-10-20,90,4
Anastasia Rose,2023-10-20,362,404
Anaya Leon,2023-10-20,77,5788920
andi anderson,2023-10-20,73,20445296
Andi James,2023-10-20,150,32324329
Andi Rye,2023-10-20,33,7
Andre Garcia,2023-10-20,49,2112666
Andre Santos,2023-10-20,51,4427934
Andrea Kelly,2023-10-20,64,2764962
andrea sky,2023-10-20,264,227
Andreia DeOlivera,2023-10-20,46,2357207
Andrew Andretti,2023-10-20,134,45484950
Andrey Magic,2023-10-20,54,13
Andy Adams,2023-10-20,33,33
Andy Kay,2023-10-20,37,1276176
Andy San Dimas,2023-10-20,137,18067306
Andy Star,2023-10-20,79,-1
Andy Star German,2023-10-20,182,-1
Andy Stone,2023-10-20,462,831
Andy Taylor,2023-10-20,50,9266205
Anell,2023-10-20,31,4746735
Anetta Keys,2023-10-20,35,1736969
ange venus,2023-10-20,32,1859486
Angel Allwood,2023-10-20,63,10953198
Angel Cassidy,2023-10-20,37,743962
angel cummings,2023-10-20,47,7197669
Angel Dark,2023-10-20,122,509
Angel DeLuca,2023-10-20,111,127
Angel Emily,2023-10-20,423,416
Angel Eyes,2023-10-20,111,9983140
Angel Long,2023-10-20,225,459
angel marie,2023-10-20,40,2377225
Angel Piaff,2023-10-20,288,73695829
Angel Rivas,2023-10-20,121,24407709
Angel Rush,2023-10-20,52,19497903
Angel Smalls,2023-10-20,233,282560106
Angel Vain,2023-10-20,59,10901728
Angel Wicky,2023-10-20,715,222
Angela Attison,2023-10-20,62,16885266
Angela Salvagno,2023-10-20,34,8867193
Angela Sommers,2023-10-20,166,558
Angela Stone,2023-10-20,167,17295147
Angela White,2023-10-20,840,12
Angela Winter,2023-10-20,40,492586
Angelic Anya,2023-10-20,32,7053633
Angelica Black,2023-10-20,51,17172318
Angelica Castro,2023-10-20,39,1487856
Angelica Cruz,2023-10-20,36,31115302
Angelica Heart,2023-10-20,225,24007180
Angelica Raven,2023-10-20,91,16908630
Angelica Sin,2023-10-20,100,3590251
Angelika Grays,2023-10-20,316,90
Angelina Ash,2023-10-20,33,1247541
Angelina Brill,2023-10-20,36,5543067
Angelina Castro,2023-10-20,1133,827
Angelina Chung,2023-10-20,52,5204556
Angelina Crow,2023-10-20,58,3436373
Angelina Diamanti,2023-10-20,43,235
Angelina Valentine,2023-10-20,277,136466803
Angell Summers,2023-10-20,83,27641056
Angella Christin,2023-10-20,36,4221320
Angelo Godshack,2023-10-20,416,686
Angie Koks,2023-10-20,48,3086913
Angie Lynx,2023-10-20,97,129
Angie Moon,2023-10-20,107,6411528
Angie Noir,2023-10-20,87,21
Angie Savage,2023-10-20,33,491934
Ani Black Fox,2023-10-20,98,-1
Ani Blackfox,2023-10-20,95,235
Ania Kinski,2023-10-20,134,33992512
Anie Darling,2023-10-20,166,40790879
Anikka Albrite,2023-10-20,342,141817525
Anina Silk,2023-10-20,71,22155423
Anissa Jolie,2023-10-20,37,10726717
Anissa Kate,2023-10-20,835,425540121
Anita Bellini,2023-10-20,260,78852360
Anita Blonde,2023-10-20,34,9874915
anita blue,2023-10-20,111,4
Anita Dark,2023-10-20,164,292
anita pearl,2023-10-20,32,3363111
Anita Peida,2023-10-20,45,114
Ann Marie Rios,2023-10-20,92,5122691
Anna Bell Peaks,2023-10-20,1037,183
anna belle,2023-10-20,42,2618648
Anna De Ville,2023-10-20,255,74375651
Anna Joy,2023-10-20,41,5802918
Anna Lovato,2023-10-20,141,6550430
Anna Malle,2023-10-20,44,2223288
Anna Morna,2023-10-20,55,35854485
Anna Nova,2023-10-20,115,30725014
Anna Polina,2023-10-20,242,84331241
Anna Rey,2023-10-20,68,101
Anna Rose,2023-10-20,239,102385618
AnnaBelle Lee,2023-10-20,124,19459340
Annette Schwarz,2023-10-20,115,25631294
Anni Angel,2023-10-20,347,578
Annie Body,2023-10-20,56,34
Annie Cruz,2023-10-20,394,329
Annie Sex Teen,2023-10-20,209,286
Anny Aurora,2023-10-20,295,834
anthony hardwood,2023-10-20,285,30332943
Anthony Rosano,2023-10-20,149,37899496
Antonia Sainz,2023-10-20,437,748
Antonio Biaggi,2023-10-20,46,6219354
antonio black,2023-10-20,84,40946875
Antonio Mallorca,2023-10-20,197,367
Antonio Ross,2023-10-20,211,48385416
Anya Akulova,2023-10-20,34,2876460
Anya Ivy,2023-10-20,173,163182609
Anya Krey,2023-10-20,188,47673714
Anya Olsen,2023-10-20,299,280
Apolonia Lapiedra,2023-10-20,353,204
April Brookes,2023-10-20,48,17576739
April Flores,2023-10-20,56,52
April Flowers,2023-10-20,42,5399118
April O'Neil,2023-10-20,321,182655558
April Paisley,2023-10-20,66,5458828
April Snow,2023-10-20,100,268
Arabelle Raphael,2023-10-20,167,889
Arad Winwin,2023-10-20,85,20707229
arcadia davida,2023-10-20,42,1367591
Aria,2023-10-20,138,17277266
Aria Alexander,2023-10-20,141,179381864
Aria Aspen,2023-10-20,32,1198317
Aria Banks,2023-10-20,145,822
Aria Giovanni,2023-10-20,45,4605922
Aria Haze,2023-10-20,51,159
Aria Kai,2023-10-20,59,162
Aria Khaide,2023-10-20,197,111
Aria Lee,2023-10-20,123,105
Aria Logan,2023-10-20,32,16403191
Aria Sky,2023-10-20,32,30218785
Aria Skye,2023-10-20,45,-1
Arian Joy,2023-10-20,66,10
ariana,2023-10-20,36,998610
Ariana Aimes,2023-10-20,89,203
Ariana Grand,2023-10-20,40,30356235
Ariana Jollee,2023-10-20,317,7643516
Ariana Marie,2023-10-20,389,325
Ariana Simon,2023-10-20,45,146
Arianna Knight,2023-10-20,44,63089824
Ariel Grace,2023-10-20,54,10940778
Ariel Rebel,2023-10-20,32,3847706
Ariel Rose,2023-10-20,163,15214988
Ariel X,2023-10-20,199,309
Ariella Ferrera,2023-10-20,462,352
Arielle Aquinas,2023-10-20,64,68
Arielle Faye,2023-10-20,45,23291511
Arietta Adams,2023-10-20,236,636
Aris Dark,2023-10-20,41,14
Armond Rizzo,2023-10-20,104,321
arnold schwartzenpecker,2023-10-20,51,7850138
Arquez,2023-10-20,105,33
Arteya Dee,2023-10-20,242,108
Aruna Aghora,2023-10-20,111,32111880
Arwen Datnoid,2023-10-20,233,498
Arwen Gold,2023-10-20,130,41897705
Arya Fae,2023-10-20,146,230864683
Aryana Adin,2023-10-20,36,471
Aryana Starr,2023-10-20,67,13727114
Asa Akira,2023-10-20,1090,408
Asante Stone,2023-10-20,58,40178710
Ash Hollywood,2023-10-20,205,42724647
Ashlee Graham,2023-10-20,171,119
Ashley Adams,2023-10-20,362,259
Ashley Alban,2023-10-20,68,249
Ashley Aleigh,2023-10-20,59,24436096
Ashley Blue,2023-10-20,277,19684652
Ashley Chambers,2023-10-20,93,15878613
Ashley Cumstar,2023-10-20,103,15081738
Ashley Fires,2023-10-20,346,110
ashley haze,2023-10-20,61,1945387
Ashley Jane,2023-10-20,36,4235652
Ashley Lane,2023-10-20,317,103
Ashley Long,2023-10-20,132,3892285
Ashley Marie,2023-10-20,39,5766917
Ashley Moore,2023-10-20,40,847990
Ashley Ocean,2023-10-20,61,5497921
Ashley Pink,2023-10-20,68,3421490
Ashley Rosi,2023-10-20,258,269
Ashley Ryder,2023-10-20,61,10911853
Ashley Sinclair,2023-10-20,93,436
Ashley Stone,2023-10-20,71,18986917
Ashley Woods,2023-10-20,31,5276916
Ashli Ames,2023-10-20,58,8335915
Ashli Orion,2023-10-20,243,334
Ashly Anderson,2023-10-20,126,103
ashlyn gere,2023-10-20,42,1400960
Ashlyn Rae,2023-10-20,123,20417027
Ashlynn Leigh,2023-10-20,109,12370601
Ashlynn Shea,2023-10-20,34,720
Ashlynn Taylor,2023-10-20,252,251
Ashton Pierce,2023-10-20,54,8079142
Asia,2023-10-20,204,9033311
Asia Carrera,2023-10-20,102,3240607
Asia Zo,2023-10-20,96,8544535
Aspen Brooks,2023-10-20,57,15611980
Aspen Ora,2023-10-20,72,21143534
Aspen Rae,2023-10-20,60,17284979
Assh Lee,2023-10-20,54,43612655
Asteria,2023-10-20,141,109
Astrid Star,2023-10-20,114,9
Athena Faris,2023-10-20,249,385
Athena May,2023-10-20,71,171
Athena Palomino,2023-10-20,63,151452422
Athena Rayne,2023-10-20,135,101755625
Athina Love,2023-10-20,55,10682399
Atlanta Moreno,2023-10-20,96,193
Atlas Grant,2023-10-20,98,7371439
Aubree Valentine,2023-10-20,156,108
Aubrey Addams,2023-10-20,195,37119283
Aubrey Black,2023-10-20,245,173
Aubrey Gold,2023-10-20,76,-1
Aubrey Kate,2023-10-20,222,125
Aubrey Sinclair,2023-10-20,110,-1
Audrey Bitoni,2023-10-20,236,163388333
Audrey Hemmingway,2023-10-20,33,47995772
Audrey Holiday,2023-10-20,75,7396793
Audrey Hollander,2023-10-20,511,278
Audrey Miles,2023-10-20,39,161
Audrey Noir,2023-10-20,88,9734298
Audrey Royal,2023-10-20,106,346
Audrianna Angel,2023-10-20,78,1142690
August,2023-10-20,55,16306159
August Ames,2023-10-20,394,663395057
August Taylor,2023-10-20,101,537
Aurora Jolie,2023-10-20,44,8598496
aurora monroe,2023-10-20,42,7249757
Aurora Snow,2023-10-20,415,26129918
Austin Kincaid,2023-10-20,125,15436530
Austin Lynn,2023-10-20,51,3772335
Austin O'Riley,2023-10-20,39,269388
austin ried,2023-10-20,31,8111264
Austin Taylor,2023-10-20,161,304
Austin Wolf,2023-10-20,65,-1
Austin Young,2023-10-20,99,68616605
Autumn Bodell,2023-10-20,52,143133
Autumn Falls,2023-10-20,229,687
Autumn Haze,2023-10-20,32,2461790
Ava Addams,2023-10-20,485,645
Ava Alvares,2023-10-20,36,29557906
Ava Austen,2023-10-20,181,99
Ava Dalush,2023-10-20,141,100759037
Ava Devine,2023-10-20,393,642
Ava Koxxx,2023-10-20,72,635
Ava Little,2023-10-20,52,8448397
Ava Parker,2023-10-20,41,8756583
Ava Ramon,2023-10-20,69,3758943
Ava Rose,2023-10-20,117,3862110
Ava Skye,2023-10-20,91,3
Ava Taylor,2023-10-20,124,176714242
Ava Vincent,2023-10-20,66,708534
Avalon,2023-10-20,38,5725967
Avena Lee,2023-10-20,127,3784102
Avery,2023-10-20,35,2544282
Avery Black,2023-10-20,463,595
Avery Moon,2023-10-20,72,33
Avi Love,2023-10-20,254,188
Avril Hall,2023-10-20,65,22679788
Avril Sun,2023-10-20,37,5206190
avy lee roth,2023-10-20,86,2050550
Avy Scott,2023-10-20,333,16395698
AwesomeKate,2023-10-20,177,597
Axel Truu,2023-10-20,219,649
Aya Kisaki,2023-10-20,34,13259582
Ayana Angel,2023-10-20,49,7152554
Aysha Dama,2023-10-20,36,27350551
Ayumi Anime,2023-10-20,65,475
Azul Hermosa,2023-10-20,59,381
Azura Alii,2023-10-20,52,101
baby cakes,2023-10-20,31,10782954
baby doll,2023-10-20,55,28996761
Baby Nicols,2023-10-20,212,107
Bailey,2023-10-20,109,22759897
Bailey Bae,2023-10-20,32,10373393
Bailey Blue,2023-10-20,38,2302647
Bailey Brooke,2023-10-20,338,303
Bailey Brooks,2023-10-20,84,14823937
Bailey Jay,2023-10-20,35,27
Bailey Paige,2023-10-20,40,7619787
Bailey Rayne,2023-10-20,79,42
Bambi,2023-10-20,67,4350088
Bambi Black,2023-10-20,43,64622142
Bambi Brooks,2023-10-20,36,26158070
bamboo,2023-10-20,46,1833898
Banksie,2023-10-20,69,11
Barbara Bieber,2023-10-20,217,203
Barbara Perez,2023-10-20,77,4768638
Barbara Summer,2023-10-20,163,5811380
Barbie Cummings,2023-10-20,33,1050046
Barbie Sins,2023-10-20,135,42615234
Barra Brass,2023-10-20,148,48907923
Barrett Blade,2023-10-20,115,175
barry scott,2023-10-20,164,16113616
Beata Undine,2023-10-20,61,-1
Beauty Dior,2023-10-20,134,519
Beaux Banks,2023-10-20,57,155
Becca Diamond,2023-10-20,37,13312569
Becki Butterfly,2023-10-20,100,1358373
Becky Bandini,2023-10-20,126,117
Becky LeSabre,2023-10-20,56,92
belinha baracho,2023-10-20,34,7141632
Bell Knock,2023-10-20,32,1304717
Bella Anne,2023-10-20,35,48370048
Bella Baby,2023-10-20,45,18216737
Bella Bellz,2023-10-20,50,22050763
Bella Bendz,2023-10-20,181,4855811
Bella Blaze,2023-10-20,46,4820841
Bella Ink,2023-10-20,49,1820237
Bella Jane,2023-10-20,46,95
Bella Moretti,2023-10-20,56,17876892
Bella Raven,2023-10-20,37,68
Bella Reese,2023-10-20,42,27688735
Bella Rolland,2023-10-20,346,109
Bella Rose,2023-10-20,194,105550873
Bella Rossi,2023-10-20,113,49188559
bella starr,2023-10-20,49,716912
Belladonna,2023-10-20,78,21136291
Belle Claire,2023-10-20,193,54774206
Belle Knox,2023-10-20,65,-1
Belle Noire,2023-10-20,66,8751209
Ben Dover,2023-10-20,260,16507006
Ben English,2023-10-20,238,132069518
Ben Kelly,2023-10-20,34,2833466
benjamin brat,2023-10-20,167,58957244
Beth Bennett,2023-10-20,80,36771911
Bethany Benz,2023-10-20,83,247
Bettie Bondage,2023-10-20,108,282
Bettina Kox,2023-10-20,39,5463606
Betty Bang,2023-10-20,182,218
Betty Foxxx,2023-10-20,101,182
Beverly Hills,2023-10-20,84,6866964
Beverly Paige,2023-10-20,40,18646063
Bia Bastos,2023-10-20,76,3162176
Bianca Baker,2023-10-20,49,150
Bianca Beauchamp,2023-10-20,32,13
Bianca Breeze,2023-10-20,101,43705820
Bianca Ferrero,2023-10-20,61,22406439
Bianca Pureheart,2023-10-20,52,2736638
Bianca Resa,2023-10-20,34,1108533
Bianca Stone,2023-10-20,75,35
Bianka Nascimento,2023-10-20,38,2796381
Bibi Fox,2023-10-20,53,14650086
Bibi Jones,2023-10-20,38,27453713
bibi noel,2023-10-20,124,15028363
Big Johnny,2023-10-20,75,7719295
Big Sexy,2023-10-20,108,61
Bill Bailey,2023-10-20,485,521304946
Billie Star,2023-10-20,236,674
Billy Banks,2023-10-20,36,5490992
Billy Dee,2023-10-20,34,2166865
Billy Glide,2023-10-20,427,73247278
Billy Hart,2023-10-20,53,115938446
Billy Santoro,2023-10-20,182,179
Bionca,2023-10-20,50,719963
Bishop Angus,2023-10-20,38,10649739
Black Angel,2023-10-20,35,4798974
Black Angelika,2023-10-20,251,33818278
Black Diamond,2023-10-20,49,2914272
Black Jack,2023-10-20,33,3146826
BlackxRose,2023-10-20,449,78
Blair Summers,2023-10-20,54,25046459
Blair Williams,2023-10-20,302,454
Blaire Ivory,2023-10-20,63,104
Blake Eden,2023-10-20,55,24314208
Blanche Bradburry,2023-10-20,490,121196432
Blaten Lee,2023-10-20,93,108
Blaze,2023-10-20,82,1498725
Bliss Dulce,2023-10-20,45,6631951
Blondie Fesser,2023-10-20,270,131
Blue Angel,2023-10-20,278,174
Blue Bailey,2023-10-20,39,7897330
bo dean,2023-10-20,54,967447
Bo Sinn,2023-10-20,91,17867810
Bobbi Dylan,2023-10-20,127,152
Bobbi Eden,2023-10-20,66,4211604
Bobbi Starr,2023-10-20,214,21447154
Bonnie Rotten,2023-10-20,157,119
Bonny Bon,2023-10-20,60,8684199
Bootydevine,2023-10-20,263,453
Boroka Borres,2023-10-20,34,2889886
Boz,2023-10-20,341,51151064
Brad Kalvo,2023-10-20,69,6004929
Brad Knight,2023-10-20,474,347
Brad Newman,2023-10-20,884,403
Brady Jensen,2023-10-20,35,675209
Braislee Adams,2023-10-20,54,47
Brandi Bae,2023-10-20,76,451
Brandi Belle,2023-10-20,79,11255719
Brandi Edwards,2023-10-20,38,22099738
Brandi Love,2023-10-20,657,789
Brandi Lyons,2023-10-20,145,6946242
Brandi Mae,2023-10-20,109,18956081
Brandon Calimesa,2023-10-20,43,161
brandon iron,2023-10-20,54,6122732
Brandon Wilde,2023-10-20,39,4379352
Brandy Aniston,2023-10-20,183,21410739
Brandy Nicole,2023-10-20,41,1171286
brandy smile,2023-10-20,78,23053080
Brandy Talore,2023-10-20,94,17114167
Brannon Rhodes,2023-10-20,97,71722189
Breana Khalo,2023-10-20,106,11
Breanne Benson,2023-10-20,107,65268587
Bree Daniels,2023-10-20,169,70667069
Bree Olson,2023-10-20,275,24571047
Brenda James,2023-10-20,39,7719105
Brendan Patrick,2023-10-20,42,4971320
Brenna Sparks,2023-10-20,165,973
Brenner Bolton,2023-10-20,40,8551979
Brent Everett,2023-10-20,36,3
Brett Bradley,2023-10-20,33,22899763
brett rockman,2023-10-20,140,8459292
Brett Rossi,2023-10-20,435,125
Brian Bonds,2023-10-20,169,14772260
brian pumper,2023-10-20,115,26208434
brian street team,2023-10-20,53,2417219
Brian Surewood,2023-10-20,117,24665788
Briana Banks,2023-10-20,255,56527782
Briana Blair,2023-10-20,54,17516660
briana lee,2023-10-20,104,15
Brianna Beach,2023-10-20,121,127937151
Brianna Brooks,2023-10-20,60,55737366
Brianna Love,2023-10-20,148,11110726
Brianna Ray,2023-10-20,35,1065762
Brianna Rose,2023-10-20,31,321
brice carson,2023-10-20,44,639516
Brick Danger,2023-10-20,839,652380975
Bridgett Lee,2023-10-20,40,7504302
Bridgette B,2023-10-20,685,519093518
Bridgette Kerkove,2023-10-20,148,2235256
briella bounce,2023-10-20,51,8365708
Brigette B,2023-10-20,42,8146803
Britney,2023-10-20,101,12250854
Britney Amber,2023-10-20,1108,672
Britney Angel,2023-10-20,51,28755578
Britney Foster,2023-10-20,45,16334566
Britney Light,2023-10-20,81,42908443
Britney Madison,2023-10-20,46,3973070
Britney Stevens,2023-10-20,137,7219097
Britney Swallows,2023-10-20,258,1090474
Britney Young,2023-10-20,63,6653866
Brittany Andrews,2023-10-20,152,278
brittany angel,2023-10-20,55,4536044
Brittany Bardot,2023-10-20,196,48775117
Brittany Oconnell,2023-10-20,55,6132977
Brittany Shae,2023-10-20,116,77315685
Brittney Banxxx,2023-10-20,41,5565544
Brittney Blaze,2023-10-20,95,104
Brittney Skye,2023-10-20,204,17101684
Brittney White,2023-10-20,85,111907170
Broc Adams,2023-10-20,39,8176865
Brodi,2023-10-20,36,1148199
Brook Logan,2023-10-20,42,23
Brooke,2023-10-20,53,1000672
Brooke Ashley,2023-10-20,32,1085153
Brooke Ballentyne,2023-10-20,34,670150
Brooke Banner,2023-10-20,327,40279491
Brooke Belle,2023-10-20,91,6992627
Brooke Beretta,2023-10-20,64,83776972
Brooke Bliss,2023-10-20,41,4392209
Brooke Dillinger,2023-10-20,488,148
Brooke Haven,2023-10-20,329,21563376
Brooke Haze,2023-10-20,125,688
brooke hunter,2023-10-20,117,3558115
Brooke Jameson,2023-10-20,47,8379915
Brooke Logan,2023-10-20,40,4293345
brooke scott,2023-10-20,55,2890417
Brooke Summers,2023-10-20,33,3549219
Brooke Tyler,2023-10-20,46,9975444
Brooke Wylde,2023-10-20,215,71990908
Brookelynne Briar,2023-10-20,167,284
Brooklyn Blue,2023-10-20,68,411
Brooklyn Chase,2023-10-20,602,312
Brooklyn Daniels,2023-10-20,31,5535138
Brooklyn Gray,2023-10-20,244,114
Brooklyn Lee,2023-10-20,148,44148441
Brooklyn Night,2023-10-20,45,1668348
Brother Love,2023-10-20,39,96
Brown Sugar,2023-10-20,69,4857996
Brownie Deluxxx,2023-10-20,31,918524
Bruce Venture,2023-10-20,667,11
Bruna Butterfly,2023-10-20,39,7177076
Bruna Castro,2023-10-20,37,1540556
Bruninha Fitness,2023-10-20,177,156
Bruno Dickemz,2023-10-20,286,478870204
Bruno Stygmata,2023-10-20,42,1881714
Bruno SX,2023-10-20,82,13650589
Bryan Gozzling,2023-10-20,122,146515866
Brynn Tyler,2023-10-20,103,11593589
Buck Adams,2023-10-20,37,4782748
Buck Angel,2023-10-20,33,72
Bucky Wright,2023-10-20,45,59
Buddy Hollywood,2023-10-20,51,142
Buffy LeBrat,2023-10-20,35,91
Bunny Colby,2023-10-20,216,152
Bunny De La Cruz,2023-10-20,201,10839976
buster good,2023-10-20,74,27133637
Busty Clary,2023-10-20,54,18486518
Busty Sarai,2023-10-20,33,10730284
Buxom Bella,2023-10-20,91,5066466
Byron Long,2023-10-20,380,83147971
Cade Maddox,2023-10-20,168,511
Cadence Lux,2023-10-20,421,218803583
Cadey Mercury,2023-10-20,109,81973796
Cagedjock,2023-10-20,111,113
Cailey Taylor,2023-10-20,95,9156661
Cala Craves,2023-10-20,109,5002407
Cali Carter,2023-10-20,319,94452883
Cali Hayes,2023-10-20,49,21197579
Cali Logan,2023-10-20,69,36
Calli Cox,2023-10-20,61,322091
Callie Black,2023-10-20,89,227
Callie Calypso,2023-10-20,64,18863448
Calvin Banks,2023-10-20,53,125
Calvin Collins,2023-10-20,46,308
Cameron Cain,2023-10-20,38,1548542
Cameron Canada,2023-10-20,86,23399470
Cameron Canela,2023-10-20,200,222
Cameron Cruise,2023-10-20,127,47503761
Cameron Dee,2023-10-20,85,34014492
Cameron James,2023-10-20,41,303696
Cameron Kincade,2023-10-20,101,6595349
Cameron Love,2023-10-20,42,2869884
Cameron Skye,2023-10-20,75,2
Cami Smalls,2023-10-20,35,764253
Camilla Moon,2023-10-20,289,88
Candace Von,2023-10-20,116,145
Candee Licious,2023-10-20,233,35
candi apple,2023-10-20,44,1659857
Candice Dare,2023-10-20,281,114407437
Candice Ferguson,2023-10-20,33,59970396
Candice Luca,2023-10-20,48,9747532
Candice Nicole,2023-10-20,63,12680644
Candie Cross,2023-10-20,34,338
Candle Boxxx,2023-10-20,44,8560979
candy,2023-10-20,44,1071885
Candy Alexa,2023-10-20,273,109
Candy Apples,2023-10-20,44,2964424
candy cat,2023-10-20,56,2243505
Candy Cotton,2023-10-20,52,1924525
Candy Manson,2023-10-20,161,18712020
Candy Red,2023-10-20,74,14003060
Candy Samira,2023-10-20,236,306
Canela Skin,2023-10-20,391,370
Caomei Bala,2023-10-20,35,6474713
Capitano Eric,2023-10-20,115,9219250
Capoeira,2023-10-20,52,3798289
Capri,2023-10-20,34,298016
Capri Anderson,2023-10-20,88,30699888
Capri Cavanni,2023-10-20,592,163
Caprice,2023-10-20,32,406
Caprice Jane,2023-10-20,95,11379656
Cara Mell,2023-10-20,34,3859578
Caramel,2023-10-20,68,7608744
Carissa Montgomery,2023-10-20,48,184
Carla Cox,2023-10-20,188,226
Carla Cruz,2023-10-20,41,14254255
Carla Novais,2023-10-20,101,8949641
Carla Renata,2023-10-20,50,2279991
Carli Banks,2023-10-20,50,1735901
Carlo Carrera,2023-10-20,137,150385644
Carlos Simoes,2023-10-20,275,43
carly parker,2023-10-20,183,8810093
Carly Rae Summers,2023-10-20,108,157
Carmel Anderson,2023-10-20,57,33471925
Carmel Moore,2023-10-20,69,3283200
Carmela Clutch,2023-10-20,225,172
Carmella Bing,2023-10-20,219,45287358
carmen,2023-10-20,72,2784590
Carmen Caliente,2023-10-20,246,902
Carmen Callaway,2023-10-20,108,-1
Carmen Croft,2023-10-20,56,17135267
Carmen Fox,2023-10-20,34,15154441
Carmen Hayes,2023-10-20,194,29161838
Carmen Luvana,2023-10-20,91,2190265
carmen mccarthy,2023-10-20,34,6690152
Carmen Rae,2023-10-20,39,128
Carmen Sancha,2023-10-20,32,302450
Carmen Valentina,2023-10-20,711,742
Carol Cox,2023-10-20,255,727
Carol Goldnerova,2023-10-20,47,12544712
Carol Penelope,2023-10-20,59,9713898
Carolina Abril,2023-10-20,169,36317157
Carolina Cortez,2023-10-20,43,13106792
Carolina Sweets,2023-10-20,310,308821041
Caroline De Jaie,2023-10-20,40,2194584
Caroline Pierce,2023-10-20,107,73
Caroline Ray,2023-10-20,49,35445382
Carolyn Monroe,2023-10-20,39,1133299
Carolyn Reese,2023-10-20,132,13963406
Carrie Ann,2023-10-20,72,20752228
Carrie Brooks,2023-10-20,40,10254424
carrie du four,2023-10-20,85,1640342
Carter Cruise,2023-10-20,305,238637695
Casca Akashova,2023-10-20,162,657
Casey Calvert,2023-10-20,542,202
Casey Cumz,2023-10-20,147,192
Casey Everett,2023-10-20,88,94
Casey Kisses,2023-10-20,263,118
Casey Stone,2023-10-20,30,1575877
Cashmere,2023-10-20,35,3561351
Casi James,2023-10-20,44,20571449
Casper Ellis,2023-10-20,33,222378
Casper Ivarsson,2023-10-20,41,3943900
Cassandra Cain,2023-10-20,89,33
Cassandra Calogera,2023-10-20,137,159
Cassandra Cruz,2023-10-20,104,15801560
Cassandra Nix,2023-10-20,84,33719959
cassidey,2023-10-20,34,2716661
Cassidy Banks,2023-10-20,213,129
Cassidy Blue,2023-10-20,43,1347256
Cassidy Clay,2023-10-20,100,4740728
Cassidy Klein,2023-10-20,237,210
Cassidy Morgan,2023-10-20,33,896799
cassie courtland,2023-10-20,59,1938100
Cassie Del Isla,2023-10-20,284,773
Cassie Fire,2023-10-20,118,10780035
Cassie Laine,2023-10-20,51,21766353
cassie young,2023-10-20,114,11594703
Castro Supreme,2023-10-20,84,15535977
catalina,2023-10-20,83,11318002
Catalina Cruz,2023-10-20,261,84
catalina taylor,2023-10-20,35,1147134
Cate Harrington,2023-10-20,80,1652486
cathy cambell,2023-10-20,39,1272557
Cathy Heaven,2023-10-20,318,70379400
Catie Parker,2023-10-20,47,10166944
Cattie Candescent,2023-10-20,127,183
caty campbell,2023-10-20,34,1823131
Cayenne Klein,2023-10-20,137,252
Cayla Lyons,2023-10-20,256,47508421
Caylian Curtis,2023-10-20,87,2320006
Ceara Lynch,2023-10-20,126,88
Cece Capella,2023-10-20,108,511
cece stone,2023-10-20,101,10032251
Cecilia De Lys,2023-10-20,59,14608027
Cecilia Lion,2023-10-20,174,152
Cecilia Scott,2023-10-20,68,10364683
Cecilia Vega,2023-10-20,45,6624423
Celebrity Cumms,2023-10-20,184,288
Celeste Star,2023-10-20,293,141574638
celestia star,2023-10-20,46,2401093
Celina Cross,2023-10-20,31,475238
Cesar Xes,2023-10-20,66,62
Chad Alva,2023-10-20,266,131
Chad Diamond,2023-10-20,420,62948207
Chad Rockwell,2023-10-20,88,13736611
Chad White,2023-10-20,1368,937
chandler steele,2023-10-20,37,786787
Chanel Chavez,2023-10-20,152,2992099
Chanel Grey,2023-10-20,112,249
Chanel Preston,2023-10-20,561,338
Chanel Santini,2023-10-20,170,988
Chanel Shortcake,2023-10-20,57,378
Chanel Skye,2023-10-20,33,9323821
Chanell Heart,2023-10-20,267,183
Chantelle Fox,2023-10-20,143,748
Charisma Cappelli,2023-10-20,53,12483133
Charity Bangs,2023-10-20,104,501
Charity Crawford,2023-10-20,97,143
Charlee Chase,2023-10-20,895,175
Charlee Monroe,2023-10-20,59,3495092
Charles Dera,2023-10-20,1048,689
Charley Chase,2023-10-20,681,56009909
Charley Hart,2023-10-20,66,234
Charlie,2023-10-20,87,20734095
Charlie Dean,2023-10-20,341,214
Charlie Laine,2023-10-20,95,18471082
Charlie Mac,2023-10-20,347,326958323
Charlie Monaco,2023-10-20,44,3402461
Charlie Rae,2023-10-20,35,38
Charlotte Cross,2023-10-20,143,518
Charlotte de Castille,2023-10-20,75,5857154
Charlotte Sartre,2023-10-20,304,678
Charlotte Sins,2023-10-20,245,659
Charlotte Star,2023-10-20,52,84
Charlotte Stokely,2023-10-20,308,457
Charlotte Vale,2023-10-20,52,5364622
Charlyse Bella,2023-10-20,35,15341970
Charmane Star,2023-10-20,197,15025399
Chase Ryder,2023-10-20,54,6982748
Chastity,2023-10-20,44,807256
Chastity Lynn,2023-10-20,327,565
Chavon Taylor,2023-10-20,90,4377948
Chayse Evans,2023-10-20,42,4259945
Chelsea Marie,2023-10-20,77,205
Chelsea Zinn,2023-10-20,107,15950673
Chelsey Lanette,2023-10-20,36,13237536
Chelsie Rae,2023-10-20,177,13172868
Chelsy Sun,2023-10-20,62,17955007
Chennin Blanc,2023-10-20,115,8430738
cherie,2023-10-20,33,1840911
Cherie Deville,2023-10-20,1135,674
Cherokee,2023-10-20,159,36505158
Cherokee D Ass,2023-10-20,580,161
Cherry Crush,2023-10-20,56,114
Cherry Fae,2023-10-20,56,71
Cherry Hilson,2023-10-20,52,17570138
Cherry Jul,2023-10-20,127,17697882
Cherry Kiss,2023-10-20,1036,543
cherry lane,2023-10-20,68,1629964
cherry mirage,2023-10-20,37,564943
Cherry Morgan,2023-10-20,86,6014452
Cherry Poppens,2023-10-20,111,4263728
Cherry Torn,2023-10-20,69,121
Chessie Kay,2023-10-20,134,39523679
Cheyenne Hunter,2023-10-20,50,9229968
cheyenne jewel,2023-10-20,113,14931748
Cheyne Collins,2023-10-20,238,26766013
Chi Chi Medina,2023-10-20,66,9711397
ChippyLipton,2023-10-20,58,169
chiquita lopez,2023-10-20,44,3233528
Chloe Addison,2023-10-20,38,11807314
Chloe Amour,2023-10-20,384,153
Chloe Brooke,2023-10-20,39,19725356
Chloe Carter,2023-10-20,62,218
Chloe Cherry,2023-10-20,549,202
Chloe Conrad,2023-10-20,130,3645449
Chloe Delaure,2023-10-20,69,3475576
Chloe Dior,2023-10-20,113,5790076
Chloe Foster,2023-10-20,153,140372791
Chloe James,2023-10-20,84,7661106
Chloe Lacourt,2023-10-20,49,11995128
Chloe Lamour,2023-10-20,196,732
Chloe Nicole,2023-10-20,95,1420437
Chloe Scott,2023-10-20,97,45447462
Chloe Skyy,2023-10-20,40,7177092
Chloe Temple,2023-10-20,456,339
Chloe Toy,2023-10-20,100,64
Chocolate,2023-10-20,83,4812770
chokobanana,2023-10-20,74,195
Choky Ice,2023-10-20,369,88967783
Chris Cannon,2023-10-20,85,12776764
Chris Charming,2023-10-20,223,34706187
Chris Diamond,2023-10-20,200,196
Chris Johnson,2023-10-20,127,64643138
chris streams,2023-10-20,38,10611081
Chris Strokes,2023-10-20,973,691348169
Chris Wild,2023-10-20,39,-1
Chrissy Fox,2023-10-20,179,47727961
Chrissy Gray,2023-10-20,67,66
Christen Courtney,2023-10-20,146,72984328
Christian Clay,2023-10-20,529,475
Christian Matthews,2023-10-20,36,1303495
Christian Wilde,2023-10-20,105,177
Christian XXX,2023-10-20,2610,205066421
Christiana Cinn,2023-10-20,349,913
Christie Lee,2023-10-20,100,3183755
Christie Stevens,2023-10-20,411,227
Christina Aguchi,2023-10-20,65,12733292
Christina Bella,2023-10-20,75,11130680
Christina Carter,2023-10-20,176,245
Christina Jolie,2023-10-20,49,3608203
Christina Lee,2023-10-20,34,1584220
Christina Sapphire,2023-10-20,78,105
Christina Shine,2023-10-20,166,249
christina skye,2023-10-20,38,2987171
Christine Alexis,2023-10-20,34,1538817
Christy Canyon,2023-10-20,33,6223002
Christy Love,2023-10-20,167,793
Christy Mack,2023-10-20,458,164
Chy TheFreak,2023-10-20,63,74
Chyanne Jacobs,2023-10-20,99,7165970
Cici Rhodes,2023-10-20,31,5885614
Ciera Sage,2023-10-20,60,2089262
Cindy Behr,2023-10-20,577,191
cindy crawford,2023-10-20,226,12212688
Cindy Dollar,2023-10-20,163,58694470
Cindy Hope,2023-10-20,149,18101321
Cindy Shine,2023-10-20,342,679
Cindy Starfall,2023-10-20,314,98710250
Cindy Sterling,2023-10-20,81,2043611
Cindy Sun,2023-10-20,217,87
Cindy White,2023-10-20,32,2052746
CJ Mack,2023-10-20,42,112
CJ Miles,2023-10-20,52,158
cj wright,2023-10-20,56,15812151
Claire Castel,2023-10-20,81,36225993
Claire Dames,2023-10-20,82,10930554
Claire Heart,2023-10-20,41,7866188
claire robbins,2023-10-20,98,12404939
Claire Tenebrarum,2023-10-20,38,38
Clara Crisp,2023-10-20,142,793
Clara Dee,2023-10-20,248,506
Clara G,2023-10-20,130,42261181
Clarke Kent,2023-10-20,91,10791100
Claudia Adams,2023-10-20,93,3518675
claudia adkins,2023-10-20,42,459076
Claudia Bavel,2023-10-20,143,406
Claudia Downs,2023-10-20,45,1729818
Claudia Mac,2023-10-20,138,178
Claudia Marie,2023-10-20,118,109
Claudia Rossi,2023-10-20,150,8197884
Claudia Valentine,2023-10-20,361,819
Clea Gaultier,2023-10-20,503,144
Cleo Clementine,2023-10-20,36,68
Cleo Patra,2023-10-20,58,42
Cleo Vixen,2023-10-20,39,7862319
Cliff Jensen,2023-10-20,67,169
Clover,2023-10-20,60,98387581
Clover Baltimore,2023-10-20,182,167
Coco De Mal,2023-10-20,91,26196463
Coco Kiss,2023-10-20,48,9072402
Coco Vandi,2023-10-20,66,594
Coco Velvett,2023-10-20,73,9246922
Codey Steele,2023-10-20,551,918
Codi Bryant,2023-10-20,73,14620152
codi carmichael,2023-10-20,32,3885971
Codi Vore,2023-10-20,146,156
Cody Cummings,2023-10-20,35,10528089
Cody Lane,2023-10-20,52,15738947
Cody Sky,2023-10-20,85,174472440
Coffee Brown,2023-10-20,69,6710641
Colby Chambers,2023-10-20,220,37974157
Colby Jansen,2023-10-20,187,313
Colby Keller,2023-10-20,55,14211189
cole conners,2023-10-20,33,542915
Cole Connor,2023-10-20,47,29
Collin Simpson,2023-10-20,33,26314367
Conner Bradley,2023-10-20,61,640323
Connie Carter,2023-10-20,102,260256707
Connor Kennedy,2023-10-20,102,174
Connor Maguire,2023-10-20,58,8008758
Conny Dachs,2023-10-20,120,14406226
Conor Coxxx,2023-10-20,689,334
corina taylor,2023-10-20,33,590981
Corinna Blake,2023-10-20,48,378
Cory Chase,2023-10-20,778,924
Cory Everson,2023-10-20,45,2857732
Cosima Dunkin,2023-10-20,50,43424281
Cotton Candi,2023-10-20,39,8424731
Courtney Cummz,2023-10-20,326,29686956
Courtney Devine,2023-10-20,47,340701
Courtney Scott,2023-10-20,56,22
Courtney Simpson,2023-10-20,150,9763762
Courtney Taylor,2023-10-20,160,257
Courtney Trouble,2023-10-20,75,29
Covert Japan,2023-10-20,118,50
Criss Simon,2023-10-20,39,3171491
Crissy Cox,2023-10-20,31,15300148
Crissy Cums,2023-10-20,111,10209917
Crissy Moon,2023-10-20,74,10721444
Crista Moore,2023-10-20,78,7037617
Cristi Ann,2023-10-20,190,38764549
Cristina Agave,2023-10-20,54,2487857
Cristina Miller,2023-10-20,52,74
Crystal Blue,2023-10-20,60,33
Crystal Clark,2023-10-20,112,245
crystal clear,2023-10-20,33,1658556
Crystal Greenvelle,2023-10-20,54,12189747
Crystal Ray,2023-10-20,96,5932512
Crystal Rose Knight,2023-10-20,136,271
Crystal Rush,2023-10-20,598,332
Cuba,2023-10-20,61,10888025
Cuntre Pipes,2023-10-20,40,7256695
Cute Sunny,2023-10-20,106,15359726
Cutler X,2023-10-20,97,28995031
Cynthia Vellons,2023-10-20,144,398
Cyprus Isles,2023-10-20,47,894030
Cyrstal Rae,2023-10-20,31,35483983
Cytheria,2023-10-20,140,67297258
D Snoop,2023-10-20,195,28418531
Daddys Camille,2023-10-20,90,254
Dahlia Dee,2023-10-20,184,246
Dahlia Sky,2023-10-20,543,77572067
Dahlia Von Knight,2023-10-20,131,22
Daisie Belle,2023-10-20,42,57
Daisy Dabs,2023-10-20,289,100
Daisy Ducati,2023-10-20,220,485
Daisy Layne,2023-10-20,52,4816923
Daisy Lee,2023-10-20,210,36
Daisy Lynne,2023-10-20,47,15104479
Daisy Marie,2023-10-20,285,36415649
Daisy Monroe,2023-10-20,259,16634282
Daisy Rock,2023-10-20,70,1361020
Daisy Stone,2023-10-20,310,369
Daisy Summers,2023-10-20,70,45361885
Daisy Taylor,2023-10-20,138,129
Daizy Cooper,2023-10-20,105,294
Dakoda Brookes,2023-10-20,48,2429754
Dakota,2023-10-20,43,555491
Dakota Charms,2023-10-20,92,13281503
Dakota James,2023-10-20,77,38251531
Dakota Payne,2023-10-20,124,27
Dakota Skye,2023-10-20,297,238973220
dale dabone,2023-10-20,64,5294908
Dallas Diamondz,2023-10-20,84,17614186
Dallas Steele,2023-10-20,60,9775855
Dalny Marga,2023-10-20,61,9136098
Dalton Riley,2023-10-20,98,23014328
Damien Stone,2023-10-20,38,34
Damon Dice,2023-10-20,435,617
Damon Dogg,2023-10-20,58,13083300
Dan Jenkins,2023-10-20,36,121955
Dana DeArmond,2023-10-20,538,168
Dana Santo,2023-10-20,449,168
Dana Vespoli,2023-10-20,368,764
Dana Wolf,2023-10-20,75,264
Dane Cross,2023-10-20,179,107542856
Dani Amour,2023-10-20,42,7778491
Dani Daniels,2023-10-20,1045,479
Dani Jensen,2023-10-20,292,111368772
dani woodward,2023-10-20,128,6992202
Danica Dillan,2023-10-20,117,73359953
Daniel Hunter,2023-10-20,73,20567474
Daniella Margot,2023-10-20,65,13726171
Daniella Rush,2023-10-20,45,3700289
Danielle Delaunay,2023-10-20,33,8480256
Danielle Derek,2023-10-20,60,12484152
Danielle Maye,2023-10-20,38,-1
Danielly Marinetto,2023-10-20,33,775921
Danika Mori,2023-10-20,293,12
danni cole,2023-10-20,47,14864365
Danni Lynne,2023-10-20,35,54
Danni Rivers,2023-10-20,112,116
Danny D,2023-10-20,798,953
Danny Gunn,2023-10-20,69,61
Danny Montero,2023-10-20,30,1771512
Danny Mountain,2023-10-20,766,791649130
Danny Wylde,2023-10-20,163,72446056
Dante Colle,2023-10-20,544,239
Dante Martin,2023-10-20,46,27285676
Daphne Angel,2023-10-20,71,17985678
Daphne Daniels,2023-10-20,72,3207494
Daphne Dare,2023-10-20,67,21996285
Daphne Klyde,2023-10-20,238,50680525
Daphne Rosen,2023-10-20,206,18271948
Darcia Lee,2023-10-20,236,101648904
Darcie Belle,2023-10-20,34,7132144
Darcie Dolce,2023-10-20,295,197
Darcy Tyler,2023-10-20,70,10413272
Daria Glover,2023-10-20,130,15760756
Darien Ross,2023-10-20,36,723361
Darius Ferdynand,2023-10-20,59,11241448
Darla Crane,2023-10-20,48,43463155
Darling,2023-10-20,32,21970767
Darling Rosette,2023-10-20,54,29
Darrel Deeps,2023-10-20,37,10915496
Darrell Deeps,2023-10-20,219,135
Darryl Hanah,2023-10-20,177,17739459
Daryn Darby,2023-10-20,45,1830898
Dava Foxx,2023-10-20,527,143
Dave Hardman,2023-10-20,243,27970224
davia ardell,2023-10-20,58,3235928
david chase,2023-10-20,54,5093369
David Christopher,2023-10-20,36,2207137
David Loso,2023-10-20,62,48007000
David Perry,2023-10-20,706,106
Davin King,2023-10-20,50,366
Daya Knight,2023-10-20,137,40
Dayana Perez Sosa,2023-10-20,42,69
Dayna Vendetta,2023-10-20,82,46771906
Daynia,2023-10-20,92,552
Dayton Rains,2023-10-20,44,2281754
Deacon Hunter,2023-10-20,53,231
Dean Van Damme,2023-10-20,223,503
Deangelo Jackson,2023-10-20,70,154
Deauxma,2023-10-20,408,56721234
Debbie White,2023-10-20,69,5866639
Debi Diamond,2023-10-20,45,6632612
Dee Baker,2023-10-20,77,20173800
Dee Siren,2023-10-20,70,116
Dee Williams,2023-10-20,78,21970767
DeeHeartXXX the Goddesstara,2023-10-20,41,707850
Deep Threat,2023-10-20,53,8479907
Defrancesca Gallardo,2023-10-20,77,3626011
Deja Daire,2023-10-20,117,2887063
Delilah Blue,2023-10-20,59,13704670
Delilah Davis,2023-10-20,33,798335
Delilah Strong,2023-10-20,127,9042660
Delirious Hunter,2023-10-20,75,4
Della Dane,2023-10-20,76,23
Delotta Brown,2023-10-20,51,5285527
delphine,2023-10-20,54,22370213
Delta White,2023-10-20,36,7664660
Demetri XXX,2023-10-20,96,25
Demi Delia,2023-10-20,49,9307012
Demi Lopez,2023-10-20,45,56312645
Demi Scott,2023-10-20,36,1095372
Demi Sutra,2023-10-20,247,242
Dena Caly,2023-10-20,34,6618235
Denice Klarskov,2023-10-20,120,82
Denis Marti,2023-10-20,35,14958782
Denis Reed,2023-10-20,177,75234509
Denisa Heaven,2023-10-20,91,60406521
Denise Sky,2023-10-20,44,9270146
Dennis,2023-10-20,50,3728467
Dennis Nickolero,2023-10-20,44,19
Derek Parker,2023-10-20,43,3697529
Derrick Ferrari,2023-10-20,87,154283837
Derrick Paul,2023-10-20,38,1203547
Derrick Pierce,2023-10-20,777,208
desire moore,2023-10-20,125,8822752
Desiree DeLuca,2023-10-20,31,59
desiree diamond,2023-10-20,33,1926481
Desiree Dulce,2023-10-20,112,104
Destiny Dixon,2023-10-20,128,581
Destiny Dream,2023-10-20,31,1456035
Destiny Lovee,2023-10-20,47,-1
Devin Franco,2023-10-20,183,442
Devin Trez,2023-10-20,43,23245504
devlin weed,2023-10-20,254,33350533
Devon Breeze,2023-10-20,49,9055559
Devon Green,2023-10-20,39,7485661
Devon Lee,2023-10-20,195,30278860
Devon Michaels,2023-10-20,61,1940189
Diamond Banks,2023-10-20,70,262
Diamond Foxxx,2023-10-20,224,42862689
Diamond Jackson,2023-10-20,77,208034241
Diamond Kitty,2023-10-20,391,93064278
Diana Cu de Melancia,2023-10-20,133,264
Diana Dali,2023-10-20,33,2076320
Diana Doll,2023-10-20,135,24880711
Diana Gold,2023-10-20,58,1564605
Diana Grace,2023-10-20,101,21976305
Diana Prince,2023-10-20,92,52566661
Diane Andrews,2023-10-20,98,71
Dick Chibbles,2023-10-20,108,117
Dick Delaware,2023-10-20,115,-1
dick james,2023-10-20,64,6836531
dick nasty,2023-10-20,82,6928172
Dido Angel,2023-10-20,96,222
Diego Sans,2023-10-20,110,178
Dieter Von Stein,2023-10-20,94,3408104
dillan lauren,2023-10-20,68,5462392
Dillion Carter,2023-10-20,110,56998979
Dillion Harper,2023-10-20,462,628
Dillon Day,2023-10-20,172,30236978
Dino Bravo,2023-10-20,139,17330513
Dirk Caber,2023-10-20,47,5023234
Dirty Diana,2023-10-20,91,85
Dirty Gunther,2023-10-20,107,19416885
dirty harry,2023-10-20,194,25048705
Dirty Tina,2023-10-20,42,12870072
DirtyTina,2023-10-20,103,542
divinity love,2023-10-20,36,314924
Dixie Lynn,2023-10-20,187,86677003
Dolce Elektra,2023-10-20,38,1962283
Dolf Dietrich,2023-10-20,65,9028136
Dolly Diore,2023-10-20,115,21364420
Dolly Leigh,2023-10-20,185,467
Dolly Little,2023-10-20,71,931
Dominic Pacifico,2023-10-20,105,73
Dominica Leoni,2023-10-20,92,3391277
Dominica Phoenix,2023-10-20,137,30572600
Dominno,2023-10-20,112,24926053
Domino,2023-10-20,82,16402654
Domino Presley,2023-10-20,149,239
Don John,2023-10-20,33,3507314
Don Whoe,2023-10-20,413,12414799
Donna Bell,2023-10-20,155,19502650
donna marie,2023-10-20,57,2323363
Donna Red,2023-10-20,41,20906313
Donnie Rock,2023-10-20,249,155
Donny Long,2023-10-20,51,-1
Donny Sins,2023-10-20,106,176
Dora Venter,2023-10-20,74,5211582
Dorian Del Isla,2023-10-20,147,298
dorothy black,2023-10-20,125,239
draven star,2023-10-20,45,3856584
DreadHot,2023-10-20,53,211
Dredd,2023-10-20,293,484
Drew Sebastian,2023-10-20,99,17640199
dru berrymore,2023-10-20,78,1950506
Dru Hermes,2023-10-20,35,885
Dulce,2023-10-20,47,1388042
Dustin Daring,2023-10-20,62,692
Dustin Fitch,2023-10-20,33,204277
dwayne cummings,2023-10-20,77,8976503
dylan knight,2023-10-20,35,9132163
dylan ryan,2023-10-20,34,3471942
Dylan Ryder,2023-10-20,193,42321790
Dylan Snow,2023-10-20,46,170589472
dynamite,2023-10-20,41,4557407
Ebony Goddexxx,2023-10-20,32,549251
Ebony Mystique,2023-10-20,108,931
Ed Junior,2023-10-20,81,10767104
ed powers,2023-10-20,250,6259646
Eddie Jaye,2023-10-20,75,81
Eden Adams,2023-10-20,74,8404095
Eden Sin,2023-10-20,133,26787591
Edyn Blair,2023-10-20,104,287
Eileen Sue,2023-10-20,60,27587498
Ela Darling,2023-10-20,144,19556798
Elaina Raye,2023-10-20,97,84428055
Elay Smith,2023-10-20,61,56
Electra Angels,2023-10-20,46,1095852
Elektra Rose,2023-10-20,94,304
Elen Million,2023-10-20,53,11166037
Elena Koshka,2023-10-20,284,227
Elena Vedem,2023-10-20,38,12479073
Elexis Monroe,2023-10-20,78,37385033
Eli Thomas,2023-10-20,51,88
Elicia Solis,2023-10-20,37,60066150
Elisa Sanches,2023-10-20,69,222
Elise Graves,2023-10-20,49,51
Eliza Ibarra,2023-10-20,504,520
Eliza Jane,2023-10-20,89,41414264
Elizabeth Bentley,2023-10-20,74,21712796
Elizabeth Jolie,2023-10-20,35,77112357
Elizabeth Lawrence,2023-10-20,68,839380
Ella Dearest,2023-10-20,103,-1
Ella Hollywood,2023-10-20,74,699
Ella Hughes,2023-10-20,187,972
Ella Knox,2023-10-20,285,187
Ella Kross,2023-10-20,34,460
Ella Mai,2023-10-20,47,1382050
Ella Milano,2023-10-20,83,83411227
Ella Nova,2023-10-20,107,34499804
Elle Alexandra,2023-10-20,125,100716552
Elle Brook,2023-10-20,53,44906547
Elle Faye,2023-10-20,45,76
Elle Rose,2023-10-20,131,29164439
Elle Voneva,2023-10-20,84,22956997
Ellen Saint,2023-10-20,32,1938066
Ellie Idol,2023-10-20,186,565
Elsa Jean,2023-10-20,808,639
Emanuelly Raquel,2023-10-20,488,238
emaybe4u,2023-10-20,134,17
Ember Reigns,2023-10-20,47,29
Ember Snow,2023-10-20,428,153
Ember Stone,2023-10-20,58,68829465
Emilia Song,2023-10-20,125,114
Emilianna,2023-10-20,38,801115
Emilio Ardana,2023-10-20,136,26425495
Emily Addison,2023-10-20,226,188330176
Emily Austin,2023-10-20,75,5285976
Emily B,2023-10-20,45,23400057
emily davinci,2023-10-20,52,11892078
Emily Evermoore,2023-10-20,59,2838476
emily george,2023-10-20,37,175077
Emily Grey,2023-10-20,68,25831102
Emily Kae,2023-10-20,110,6392300
Emily Mena,2023-10-20,35,8732050
Emily Parker,2023-10-20,34,1006710
Emily Right,2023-10-20,49,132
Emily Thorne,2023-10-20,79,8902090
Emily Willis,2023-10-20,565,888
Emma Brown,2023-10-20,59,5578876
Emma Butt,2023-10-20,185,53174403
emma cummings,2023-10-20,72,3253685
Emma Evins,2023-10-20,77,23745322
Emma Heart,2023-10-20,120,16021713
Emma Hix,2023-10-20,693,438
emma klein,2023-10-20,93,-1
Emma Leigh,2023-10-20,61,26711702
Emma Mae,2023-10-20,93,8667032
Emma Secret,2023-10-20,53,97
Emma Starletto,2023-10-20,233,101
Emma Starr,2023-10-20,43,29911345
Emma Stoned,2023-10-20,47,67856042
Emme White,2023-10-20,90,16
Emmy Demure,2023-10-20,47,51
Empera,2023-10-20,72,123
Emy Reyes,2023-10-20,103,5670982
Emy Russo,2023-10-20,48,12991960
Emylia Argan,2023-10-20,145,49280913
Ennio Guardi,2023-10-20,94,57182231
Envy,2023-10-20,80,6874565
Eric Everhard,2023-10-20,105,12391205
Eric John,2023-10-20,1296,158
Eric Jover,2023-10-20,118,55
eric masterson,2023-10-20,152,51463282
eric swiss,2023-10-20,66,3739529
Erica Cherry,2023-10-20,188,38
Erica Fontes,2023-10-20,132,57801638
Erica Lauren,2023-10-20,528,588
Erick Lewis,2023-10-20,49,18010584
Erik Everhard,2023-10-20,791,566048627
Erika Bellucci,2023-10-20,34,5358502
erika kole,2023-10-20,40,1710609
Erika Vuitton,2023-10-20,41,3348053
Erika Xstacy,2023-10-20,118,62
Erin Electra,2023-10-20,567,122
Erin Green,2023-10-20,113,3854310
Erin Moore,2023-10-20,63,2879971
Erin Stone,2023-10-20,37,2750200
esmeralda,2023-10-20,31,1468817
Esmi Lee,2023-10-20,163,15014605
Esperanza Del Horno,2023-10-20,120,194
Esperanza Gomez,2023-10-20,188,101
Estella Bathory,2023-10-20,117,41
Ethan Hunt,2023-10-20,74,15843987
Eufrat,2023-10-20,289,316985834
Eva Angelina,2023-10-20,431,70837094
Eva Ann,2023-10-20,52,6147197
Eva Berger,2023-10-20,114,15317684
eva ellington,2023-10-20,33,4124550
Eva Johnson,2023-10-20,44,19418184
Eva Karera,2023-10-20,169,57706966
Eva Long,2023-10-20,105,52405475
Eva Lovia,2023-10-20,303,355
Eva Lynx,2023-10-20,67,481
Eva May,2023-10-20,43,1533263
Eva Notty,2023-10-20,500,165
Eva Paradis,2023-10-20,65,347
Eva Yi,2023-10-20,91,191
Evan Stone,2023-10-20,436,78186800
Evangeline von Winter,2023-10-20,50,12
Evanni Solei,2023-10-20,32,7415828
Eve Angel,2023-10-20,176,32392335
Eve Lawrence,2023-10-20,260,925
Evelin Stone,2023-10-20,239,249
Evelina Darling,2023-10-20,242,781
Eveline Dellai,2023-10-20,405,123
Evelyn Claire,2023-10-20,145,103
Evelyn Lin,2023-10-20,50,9393532
Evelyn Neill,2023-10-20,118,20741747
evi fox,2023-10-20,41,7359423
Evi Rei,2023-10-20,32,-1
Evie Delatosso,2023-10-20,69,3018643
Evilyn Fierce,2023-10-20,50,3560881
Ezada Sinn,2023-10-20,1769,344
faith grant,2023-10-20,48,754968
Faith Leon,2023-10-20,109,4568304
Faith Rae,2023-10-20,46,32
Falcon,2023-10-20,77,15985633
Fallon Sommers,2023-10-20,61,804177
Fallon West,2023-10-20,407,91
Farrah,2023-10-20,32,1032765
Farrah Fox,2023-10-20,46,318345
Farrah Valentine,2023-10-20,38,-1
Fawna Fuller,2023-10-20,150,68
Faye Reagan,2023-10-20,281,39179797
faye runaway,2023-10-20,52,4993225
Fayth Deluca,2023-10-20,34,1483534
Febby Twigs,2023-10-20,169,37
Felecia,2023-10-20,55,1979701
Felicia Fisher,2023-10-20,50,937
Felicia Fox,2023-10-20,33,909992
Felicity Feline,2023-10-20,141,288
Felix Jones,2023-10-20,61,42
Felix Stulback,2023-10-20,33,3258009
felix vicious,2023-10-20,69,3818325
Felony,2023-10-20,76,8743877
Fernandinha Fernandez,2023-10-20,66,137
Ferrara Gomez,2023-10-20,131,66232507
Figi,2023-10-20,58,6416463
Filthy Rich,2023-10-20,236,262827786
Finesse Navarro,2023-10-20,49,1687878
fiona cheeks,2023-10-20,70,1526212
Fiona Fuchs,2023-10-20,34,244
Flash Brown,2023-10-20,150,304274030
Flick Shagwell,2023-10-20,109,2495842
Flint Wolf,2023-10-20,332,64
Flora Rodgers,2023-10-20,59,77
Florane Russell,2023-10-20,173,348
Flower Tucci,2023-10-20,288,36897645
Foxy Di,2023-10-20,164,115
Foxy Sanie,2023-10-20,71,108
Francesca Dicaprio,2023-10-20,104,11072074
Francesca Felucci,2023-10-20,59,2412213
Francesca Le,2023-10-20,450,121
Franceska Jaimes,2023-10-20,183,113
franchezca valentina,2023-10-20,30,780643
Franco Roccaforte,2023-10-20,190,49377014
Francois Sagat,2023-10-20,41,1775143
Francys Belle,2023-10-20,285,418
Frank Gun,2023-10-20,350,28669826
Frank Major,2023-10-20,61,22101670
Frank Towers,2023-10-20,81,7110480
Franziska Facella,2023-10-20,32,8530295
FreckledRED,2023-10-20,95,359
Freya Von Doom,2023-10-20,71,29824565
Frida Sante,2023-10-20,184,396
Friday,2023-10-20,61,9078765
Gabbie Carter,2023-10-20,243,502
gabby,2023-10-20,39,13431460
Gabby Quinteros,2023-10-20,449,146
Gabi Gold,2023-10-20,108,117
Gabriel Clark,2023-10-20,113,31477792
Gabriel Cross,2023-10-20,510,408
Gabriel D'Alessandro,2023-10-20,77,15887946
Gabriela Lopez,2023-10-20,157,167074566
Gabriella Banks,2023-10-20,71,1690394
Gabriella Daniels,2023-10-20,40,2156774
Gabriella Ford,2023-10-20,33,8848228
Gabriella Paltrova,2023-10-20,277,107
Gabriella Romano,2023-10-20,32,1380868
Gabrielle Gucci,2023-10-20,67,22286094
Gaia,2023-10-20,56,4901131
GamerGirlRoxy,2023-10-20,131,24
Gauge,2023-10-20,45,5564762
Gemma Massey,2023-10-20,193,178
Gen Padova,2023-10-20,150,169
genesis skye,2023-10-20,122,4909098
Genevieve Sinn,2023-10-20,55,147
George Uhl,2023-10-20,823,541376660
Georgia Jones,2023-10-20,239,557
Georgia Peach,2023-10-20,160,84
Georgie Lyall,2023-10-20,157,888
gia,2023-10-20,52,4634992
Gia Derza,2023-10-20,498,380
Gia Dimarco,2023-10-20,117,633
gia jordan,2023-10-20,117,1175339
Gia Milana,2023-10-20,116,667
Gia Paige,2023-10-20,321,268
Gia Paloma,2023-10-20,295,22380180
Gia Rose,2023-10-20,203,433
Gia Rouge,2023-10-20,37,664
Gia Steel,2023-10-20,42,76
Gia Vendetti,2023-10-20,85,20841325
Gianna Dior,2023-10-20,491,261
Gianna Love,2023-10-20,88,1006151
Gianna Lynn,2023-10-20,100,3415540
Gianna Michaels,2023-10-20,527,829
Gianna Nicole,2023-10-20,84,62
gigi,2023-10-20,41,422235
Gigi Love,2023-10-20,32,3436877
Gigi Rivera,2023-10-20,43,20936773
Gilda Roberts,2023-10-20,36,3604745
Gina Blonde,2023-10-20,37,6256098
Gina de palma,2023-10-20,212,9198889
Gina Devine,2023-10-20,267,201062640
Gina Ferocious,2023-10-20,170,232
Gina Gerson,2023-10-20,891,247
Gina Lynn,2023-10-20,46,4423358
gina monelli,2023-10-20,32,27800948
Gina Ryder,2023-10-20,76,3405483
Gina Snake,2023-10-20,64,55
Gina Valentina,2023-10-20,660,774
Ginary,2023-10-20,103,165
Ginebra Bellucci,2023-10-20,356,170353196
Ginger Banks,2023-10-20,86,175
ginger jones,2023-10-20,38,441808
Ginger Lynn,2023-10-20,88,9237380
Ginny Potter,2023-10-20,38,32
Giovanni Francesco,2023-10-20,92,66909086
girlvert,2023-10-20,47,5776310
Giselle Leon,2023-10-20,124,41536108
Giselle Mari,2023-10-20,39,19995463
Giselle Montes,2023-10-20,72,107
Giselle Palmer,2023-10-20,128,364
Gisha Forza,2023-10-20,47,8602064
Goddess Lilith,2023-10-20,23,728
Goddess Tara,2023-10-20,59,23
Goddess Zenova Braeden,2023-10-20,33,19
GoGo FukMe,2023-10-20,177,661
Goldie Rush,2023-10-20,110,104481833
Gorgeousleigh Chaotic,2023-10-20,58,754
Gracie Glam,2023-10-20,200,50211128
Gracie May Green,2023-10-20,46,46
greg centauro,2023-10-20,71,13378004
Griffin Barrows,2023-10-20,211,197
Guiliana Alexis,2023-10-20,38,8886824
Gunnar Stone,2023-10-20,95,129
guy disilva,2023-10-20,187,14360438
Gween Black,2023-10-20,280,253
Gwen Diamond,2023-10-20,78,2913785
Gwen Stark,2023-10-20,36,27638160
Gwen Summers,2023-10-20,81,5738634
Hadley Haze,2023-10-20,32,25
Hadley Viscara,2023-10-20,42,36481482
Hailey Young,2023-10-20,143,10624094
Haley Cummings,2023-10-20,69,18184541
Haley Hill,2023-10-20,49,11673393
Haley Paige,2023-10-20,235,18171340
Haley Reed,2023-10-20,438,411
Haley Scott,2023-10-20,159,19818442
haley sweet,2023-10-20,100,4696248
Halle Hayes,2023-10-20,66,39
Halle Von,2023-10-20,64,81461276
Hanna Orio,2023-10-20,41,29
Hannah Brooks,2023-10-20,99,562
Hannah Harper,2023-10-20,204,3071886
Hannah Hays,2023-10-20,137,825
hannah shaw,2023-10-20,56,11228835
Hannah Vivienne,2023-10-20,115,-1
hannah west,2023-10-20,61,2587555
Hans Berlin,2023-10-20,114,144
Harley Dean,2023-10-20,106,197
Harley Jade,2023-10-20,163,811
Harlow Harrison,2023-10-20,95,129763608
Harlowe Blue,2023-10-20,145,876
Harmonie Marquise,2023-10-20,91,109
Harmony Reigns,2023-10-20,109,568
Harmony Rose,2023-10-20,376,27648231
Harmony Wonder,2023-10-20,173,148
Havana Bleu,2023-10-20,130,102
Havana Ginger,2023-10-20,218,19518893
Hayden Hawkens,2023-10-20,36,7361697
Hayden Winters,2023-10-20,44,14942932
Hazel Dew Aka Mary Frost,2023-10-20,183,707
Hazel Grace,2023-10-20,67,703
Hazel Moore,2023-10-20,191,176
Hazelnutxxx,2023-10-20,643,362
Heather C Payne,2023-10-20,175,44
Heather Harmon,2023-10-20,508,251
Heather Hunter,2023-10-20,35,2689362
Heather Starlet,2023-10-20,130,14865294
Heather Vahn,2023-10-20,134,111
Heather Vandeven,2023-10-20,32,1335239
Heidi Hollywood,2023-10-20,50,2870277
Heidi Mayne,2023-10-20,161,10151026
Heidi Van Horny,2023-10-20,76,13501102
Helena Locke,2023-10-20,38,8792224
Helena Moeller,2023-10-20,401,274
Helena Price,2023-10-20,424,156
Helena Sweet,2023-10-20,55,7681531
Helly Mae Hellfire,2023-10-20,57,10173030
Henessy,2023-10-20,317,996
Herda Wisky,2023-10-20,54,4946145
Herschel Savage,2023-10-20,123,14001413
Hidori Rose,2023-10-20,41,261
Hilda Brasil,2023-10-20,64,2230833
Hillary Scott,2023-10-20,374,70232587
Hime Marie,2023-10-20,304,255
Hina Maeda,2023-10-20,42,18045929
Hoby Buchanon,2023-10-20,257,161
Hollie Mack,2023-10-20,92,103867232
hollie stevens,2023-10-20,80,1898259
holly day,2023-10-20,55,10341752
Holly Halston,2023-10-20,156,25806438
Holly Heart,2023-10-20,138,33371425
Holly Hendrix,2023-10-20,261,109069377
Holly Hollywood,2023-10-20,59,1622716
Holly Hotwife,2023-10-20,69,54
Holly Kiss,2023-10-20,110,27825483
Holly Michaels,2023-10-20,233,554914077
Holly Morgan,2023-10-20,43,1954747
Holly Sampson,2023-10-20,66,7170050
Holly Wellin,2023-10-20,268,16902871
holly west,2023-10-20,191,12899312
Honey Dejour,2023-10-20,37,877228
Honey Demon,2023-10-20,114,20580539
Honey Gold,2023-10-20,223,229
Honney Bunny,2023-10-20,59,6590736
Honour May,2023-10-20,154,30127826
hooks,2023-10-20,41,4655488
Hope Harper,2023-10-20,102,43
Hope Howell,2023-10-20,105,12138351
Hot Ass Hollywood,2023-10-20,78,226
Hot Wife Rio,2023-10-20,35,4306380
Hotkinkyjo,2023-10-20,475,-1
Hotrod,2023-10-20,62,14824207
houston,2023-10-20,46,2906899
Hugh Hunter,2023-10-20,71,7681798
Hunter Bryce,2023-10-20,71,3984697
Ian Levine,2023-10-20,44,7842651
Ian Scott,2023-10-20,408,945
Ian Tate,2023-10-20,120,54082142
ice la fox,2023-10-20,152,10398704
Ike Diezel,2023-10-20,94,-1
Imani Rose,2023-10-20,95,9561602
ImMeganLive,2023-10-20,433,795
inari vachs,2023-10-20,87,9825416
India,2023-10-20,44,1696601
India Babe,2023-10-20,56,44
India Summer,2023-10-20,744,315600846
Indica Flower,2023-10-20,99,894
Indigo Augustine,2023-10-20,75,6343002
Indigo White,2023-10-20,372,267
Ines Cudna,2023-10-20,36,3539650
Inna Innaki,2023-10-20,129,27764668
Irina Bruni,2023-10-20,75,14737438
Iris Rose,2023-10-20,99,15962323
Isabel Ice,2023-10-20,142,10355100
Isabel Moon,2023-10-20,80,28890995
isabella,2023-10-20,33,4061468
Isabella Branco,2023-10-20,32,1622367
Isabella Chrystin,2023-10-20,187,59081515
Isabella Clark,2023-10-20,72,15273207
Isabella Lui,2023-10-20,118,10698762
Isabella Nice,2023-10-20,143,972
Isabella Pacino,2023-10-20,39,1695722
Isabella Star,2023-10-20,45,18689157
Isabella Taylor,2023-10-20,73,46448790
Isabelle Deltore,2023-10-20,182,899
Isabelly Ferraz,2023-10-20,43,3259568
Isiah Maxwell,2023-10-20,674,834
Isis Love,2023-10-20,245,431
Isis Taylor,2023-10-20,115,32058180
Ivana Sugar,2023-10-20,234,73877856
Ivi Rein,2023-10-20,128,349
Ivy Aura,2023-10-20,50,167
Ivy Lebelle,2023-10-20,239,197
Ivy Rose,2023-10-20,59,409
Ivy Secret,2023-10-20,55,32524362
Ivy Sherwood,2023-10-20,49,18
ivy winters,2023-10-20,102,15453123
Ivy Wolfe,2023-10-20,162,868
Iwia,2023-10-20,160,140082480
Izi Ashley,2023-10-20,64,21159931
Izzy Bell,2023-10-20,69,100
Izzy Lush,2023-10-20,190,465
J Strokes,2023-10-20,78,8339456
j-mac,2023-10-20,716,828
J.J.,2023-10-20,57,3721181
J.J. Knight,2023-10-20,53,224
J.P. Dubois,2023-10-20,33,3863892
Jack Andy,2023-10-20,101,7970996
Jack Dixon,2023-10-20,76,11289305
Jack Hammer,2023-10-20,40,4018729
Jack Hunter,2023-10-20,150,30651384
Jack Lawrence,2023-10-20,64,22425949
Jack Napier,2023-10-20,140,62348629
Jack Ripher,2023-10-20,138,836
Jack Vegas,2023-10-20,166,103372073
Jack Venice,2023-10-20,59,-1
Jackie Brown,2023-10-20,162,59082
Jackie Knight,2023-10-20,237,163
jackie lin,2023-10-20,41,8903758
Jackie Moore,2023-10-20,119,14453449
Jackie Ohh,2023-10-20,60,56
Jacky Joy,2023-10-20,112,24654342
jaclyn case,2023-10-20,39,6060790
Jaclyn Taylor,2023-10-20,117,145
jacobey london,2023-10-20,33,263522
Jada Doll,2023-10-20,46,61
Jada Fire,2023-10-20,379,96465144
Jada Kai,2023-10-20,425,145
Jada Silk,2023-10-20,31,179
Jada Stevens,2023-10-20,432,208
Jade Amber,2023-10-20,65,8464975
Jade Ambers,2023-10-20,33,33874787
Jade Baker,2023-10-20,122,838
Jade Hsu,2023-10-20,32,2553742
jade jamison,2023-10-20,34,66
Jade Jantzen,2023-10-20,216,93602310
Jade Jordan,2023-10-20,220,170
Jade Kush,2023-10-20,195,131
Jade Marcela,2023-10-20,57,1780336
Jade Nile,2023-10-20,185,111
Jade Presley,2023-10-20,78,304
Jade Rose,2023-10-20,42,871
Jaelyn Fox,2023-10-20,81,18172911
Jake Adams,2023-10-20,343,534
Jake Cruise,2023-10-20,321,2066099
Jake Jace,2023-10-20,45,106391796
Jake Steel,2023-10-20,49,3419105
James Brossman,2023-10-20,275,51563829
James Deen,2023-10-20,1111,21
Jamey Janes,2023-10-20,59,8874229
Jamie Barry,2023-10-20,90,7820033
Jamie Elle,2023-10-20,153,6551003
Jamie Foster,2023-10-20,413,201
Jamie French,2023-10-20,220,29
Jamie Huxley,2023-10-20,38,1133032
Jamie Jackson,2023-10-20,89,22626958
Jamie Marleigh,2023-10-20,69,20980739
Jamie Rae,2023-10-20,38,8585563
Jamie Stone,2023-10-20,467,36
Jamie Valentine,2023-10-20,94,60928817
Jamie Wolf,2023-10-20,213,21
Jamie Young,2023-10-20,334,391
Jana Cova,2023-10-20,52,5500629
Jana Jordan,2023-10-20,39,6052965
Jane Cane,2023-10-20,236,596
Jane Darling,2023-10-20,88,8386099
Jane Judge,2023-10-20,81,256982
Jane Wilde,2023-10-20,416,383
Janelle Fennec,2023-10-20,36,65
Janessa Brazil,2023-10-20,40,4
Janessa Jordan,2023-10-20,95,5252350
janet alfano,2023-10-20,68,1237502
Janet Jacme,2023-10-20,51,3184795
Janet Mason,2023-10-20,234,164
Janey Doe,2023-10-20,47,8
Janice Griffith,2023-10-20,407,558
Janie Blade,2023-10-20,34,3
Janna Hicks,2023-10-20,38,5188530
Jared Shaw,2023-10-20,47,-1
Jarushka Ross,2023-10-20,158,34858331
jaslin diaz,2023-10-20,63,3401273
jasmeen lefleur,2023-10-20,55,8339392
Jasmin Black,2023-10-20,50,1754824
Jasmine,2023-10-20,54,1755087
Jasmine Black,2023-10-20,443,45066956
Jasmine Blaze,2023-10-20,57,7139978
Jasmine Byrne,2023-10-20,189,-1
Jasmine Caro,2023-10-20,37,21745025
Jasmine Grey,2023-10-20,116,198
Jasmine Jade,2023-10-20,64,16
